link,city,street,price,type,rooms,surface,furnished,description,description_eng,near_school,near_hospital,near_public_transport,near_services,photos
https://directwonen.nl/huurwoningen-huren/rotterdam/mullerkade/appartement-517559,Rotterdam,Mullerkade,2200.0,APPARTMENT,3.0,112.0,Gemeubileerd,,,0,0,0,0,"['https://resources.directwonen.nl/image/88d8cc62-d502-4a1c-a387-f24b936d527d', 'https://resources.directwonen.nl/image/147dedb2-854a-447d-9f71-429f647a2aba', 'https://resources.directwonen.nl/image/bb73c9df-970e-4a4e-8a64-11a973029b7b', 'https://resources.directwonen.nl/image/b7e250d2-a058-4618-bfea-92396ca5cc62', 'https://resources.directwonen.nl/image/b29e5062-014c-4d1a-aa3b-8ff583e178bf', 'https://resources.directwonen.nl/image/536589fc-947f-4d52-85c8-6aac4dc8fc06', 'https://resources.directwonen.nl/image/876c186b-0854-493e-ad75-4aa64087fe31', 'https://resources.directwonen.nl/image/6f85d46d-0383-40f8-b8b5-2325b55c3527']"
https://directwonen.nl/huurwoningen-huren/groningen/kwinkenplein/kamer-517560,Groningen,Kwinkenplein,774.0,STUDIO-ROOM,1.0,18.0,Gestoffeerd,,,0,0,0,0,"['https://resources.directwonen.nl/image/9fb36a66-ca60-46c1-bbb7-3826b3089d1e', 'https://resources.directwonen.nl/image/9fd85c00-e459-4b7f-b22e-a85e3ecf6574', 'https://resources.directwonen.nl/image/be884428-dfe0-4a8b-b57c-caaf503ae006', 'https://resources.directwonen.nl/image/81bea090-358c-408c-9732-f8d34df9a7e6', 'https://resources.directwonen.nl/image/d55f6bb0-e593-479e-962e-0b5c92ea8a3f', 'https://resources.directwonen.nl/image/1930fc3a-5282-4d2b-aa03-5de5f7b092e0']"
https://directwonen.nl/huurwoningen-huren/groningen/rabenhauptstraat/kamer-517561,Groningen,Rabenhauptstraat,860.0,STUDIO-ROOM,1.0,32.0,Gemeubileerd,,,0,0,0,0,"['https://resources.directwonen.nl/image/55467bd1-0764-432d-bae9-397faba81891', 'https://resources.directwonen.nl/image/3cc1f27f-6214-41f6-8137-494944019994', 'https://resources.directwonen.nl/image/0bc30d48-3087-4186-bbb0-e946904e4e6e', 'https://resources.directwonen.nl/image/ff765001-7fbf-44fc-9c0b-5abe86855f41', 'https://resources.directwonen.nl/image/d4fbac09-5c85-4366-8315-58401fcbb451', 'https://resources.directwonen.nl/image/54a0e55d-d9f9-4e6f-90de-a8ae908802ad']"
https://directwonen.nl/huurwoningen-huren/rotterdam/van-oosterzeestraat/kamer-517557,Rotterdam,Van Oosterzeestraat,670.0,STUDIO-ROOM,1.0,20.0,Gestoffeerd,"DEALE DOELGROEP Geschikt voor 1 vrouwelijke expat, student of jong professional; Maximaal 1 persoon; 2 andere vrouwelijke medebewoners. LOCATIE De kamer is gelegen in Rotterdam-West. Op loopafstand bevinden zich diverse gezellige cafés en eetgelegenheden. Het Centraal Station is binnen 10 minuten bereikbaar. De uitvalswegen richting Amsterdam en Utrecht liggen op slecht 5 minuten rijden. KAMER Gelegen op de 1ste verdieping aan de straatzijde. De kamer beschikt over een gedeelde keuken, een gedeelde douche en gedeeld toilet. Deze zal je samen met 2 andere vrouwen delen. De kamer is licht, voorzien van een nette vloer en wordt verwarmd via centrale verwarming.","DEALE TARGET GROUP Suitable for 1 female expat, student or young professional; Maximum 1 person; 2 other female inmates. LOCATION The room is located in Rotterdam-West. There are several cozy cafes and eateries within walking distance. The Central Station can be reached within 10 minutes. The highways to Amsterdam and Utrecht are only a 5-minute drive away. ROOM Located on the 1st floor on the street side. The room has a shared kitchen, shared shower and shared toilet. You will share this with 2 other women. The room is light, has a neat floor and is heated by central heating.",0,0,1,0,"['https://resources.directwonen.nl/image/7914db6f-3c56-46da-9b01-98541f2bc23d', 'https://resources.directwonen.nl/image/c4574b86-d09a-4c6c-bc47-6e18a318834a', 'https://resources.directwonen.nl/image/e0b06651-7130-4e98-a91f-361e8e0d67ad', 'https://resources.directwonen.nl/image/17e9dc2d-3134-4efe-b265-c9d690cec30b']"
https://directwonen.nl/huurwoningen-huren/zwolle/sassenstraat/appartement-517558,Zwolle,Sassenstraat,1470.0,APPARTMENT,2.0,70.0,Gestoffeerd,,,0,0,0,0,"['https://resources.directwonen.nl/image/50f68f81-7ae8-43f1-acee-3cbcd1afd50a', 'https://resources.directwonen.nl/image/eca96a68-6b58-444c-b826-7092234adbf6', 'https://resources.directwonen.nl/image/0088c53c-be9e-4952-b19a-2531bf09d5a9', 'https://resources.directwonen.nl/image/b0ffe33d-05e8-4447-8746-3a30c1ac2954', 'https://resources.directwonen.nl/image/b3d2e838-4eff-4b44-ba03-d4a5a0e5ebaf']"
https://directwonen.nl/huurwoningen-huren/hoeven/akkerlingen/appartement-514128,Hoeven,Akkerlingen,1950.0,APPARTMENT,4.0,102.0,Gemeubileerd,"Riant appartement in Hoeven Keurige en volledig gemeubileerd appartement met 2 slaapkamers op de begane grond en centraal gelegen Akkeringen, Hoeven  LET OP: DE WONING WORDT MOMENTEEL GEMEUBILEERD. DE FOTO'S TONEN NU BEPERKTE MEUBILERING  Midden in de dorpskern van Hoeven, met alle voorzieningen letterlijk om de hoek, ligt dit instapklare 3-kamerappartement op de begane grond. Een fijne combinatie van gelijkvloers wonen, veel licht en extra comfort dankzij een eigen tuin, oprit én garage. Hier woon je ruim en praktisch, met alle gemakken binnen handbereik. Ben jij benieuwd wat dit appartement jou te bieden heeft? Neem dan contact op met ons kantoor voor het maken van een afspraak. ThuiskomenJe betreedt het appartementencomplex via de centrale hal, die is ingericht met brievenbussen en een bellentableau. Vanuit hier heb je direct toegang tot het appartement, dat prettig is gelegen op de begane grond. Parkeren doe je op je eigen oprit of in de garage, wat zorgt voor extra gemak en comfort in het dagelijks gebruik. Via de centrale entree heb je tevens toegang tot de inpandige berging welke in het souterrain (begane grond) is gelegen. Wonen en kokenDe woonkamer is royaal van opzet en dankzij de vele raampartijen geniet je hier van een prettige, natuurlijke lichtinval. Er is meer dan voldoende ruimte voor het creëren van een comfortabele zithoek en een gezellige eethoek. De open keuken grenst aan de woonkamer en is ingericht in een praktische hoekopstelling. Deze is voorzien van diverse apparatuur en biedt voldoende werk- en kastruimte. Vanuit de keuken heb je toegang tot de aparte bijkeuken, momenteel ingericht met de vaatwasser. Een praktische extra ruimte! Een groot pluspunt is de directe verbinding met de eigen tuin. Vanuit de woonkamer kijk je uit over je eigen buitenruimte, wat zorgt voor een prettig en vrij gevoel. De tuin biedt volop mogelijkheden voor het creëren van meerdere leuke zithoekjes en is een waardevolle toevoeging ten opzichte van een balkon. Slapen en wassenHet appartement beschikt over twee slaapkamers, beide met directe toegang tot de tuin. De badkamer is prettig van formaat en ingericht met een douche en wastafel. Vanuit de hal zijn het separate toilet en de berging bereikbaar, waar zich de aansluitingen voor de wasapparatuur bevinden. LocatieHoeven is een dorp in de gemeente Halderberge. Het ligt tussen Etten-Leur en Oudenbosch. Tot 1997 vormde Hoeven samen met het dorp Bosschenhoofd de gemeente Hoeven. De plaats Hoeven ligt op slechts enkele autominuten van het winkelcentrum te Etten-Leur, Rosada Outlet Center Roosendaal, recreatie en bossen. Voorzieningen zoals basisschool, diverse winkels, supermarkt en horeca gelegenheden zijn in dit pittoreske dorp te vinden.  Bijzonderheden: - Gelegen in een kleinschalig appartementencomplex;- Volledig gemeubileerd- Met riante buitenruimte- Voorzien van een gunstig energielabel (label A);- Volledig geïsoleerd;- Voorzien van grote raampartijen;- Middenin de dorpskern met alle voorzieningen binnen handbereik;  huurprijs: € 1950,-  excl. gebruikerslasten Huur garage: € 125,- ( verplicht ) Servicekosten: € 130,- Borg: 2 maanden    ","Spacious apartment in Hoeven Neat and fully furnished apartment with 2 bedrooms on the ground floor and centrally located Akkeringen, Hoeven PLEASE NOTE: THE HOUSE IS CURRENTLY FURNISHED. THE PHOTOS NOW SHOW LIMITED FURNITURE This ready-to-use 3-room apartment is located on the ground floor in the middle of the village center of Hoeven, with all amenities literally around the corner. A nice combination of ground floor living, lots of light and extra comfort thanks to a private garden, driveway and garage. Here you live spaciously and practically, with all conveniences within reach. Are you curious about what this apartment has to offer you? Please contact our office to make an appointment. Coming home You enter the apartment complex through the central hall, which is furnished with mailboxes and a doorbell table. From here you have direct access to the apartment, which is conveniently located on the ground floor. You can park in your own driveway or in the garage, which provides extra convenience and comfort in daily use. Through the central entrance you also have access to the indoor storage room which is located in the basement (ground floor). Living and cookingThe living room is spacious and thanks to the many windows you can enjoy pleasant, natural light. There is more than enough space to create a comfortable seating area and a cozy dining area. The open kitchen is adjacent to the living room and is furnished in a practical corner unit. This is equipped with various equipment and offers sufficient work and cupboard space. From the kitchen you have access to the separate utility room, currently equipped with the dishwasher. A practical extra space! A big plus is the direct connection to your own garden. From the living room you look out over your own outdoor space, which provides a pleasant and free feeling. The garden offers plenty of opportunities to create several nice seating areas and is a valuable addition to a balcony. Sleeping and washingThe apartment has two bedrooms, both with direct access to the garden. The bathroom is a pleasant size and equipped with a shower and sink. The separate toilet and storage room are accessible from the hall, where the connections for washing equipment are located. LocationHoeven is a village in the municipality of Halderberge. It is located between Etten-Leur and Oudenbosch. Until 1997, Hoeven, together with the village of Bosschenhoofd, formed the municipality of Hoeven. The town of Hoeven is just a few minutes by car from the shopping center in Etten-Leur, Rosada Outlet Center Roosendaal, recreation and forests. Facilities such as a primary school, various shops, supermarket and catering establishments can be found in this picturesque village.  Details: - Located in a small-scale apartment complex; - Fully furnished - With spacious outdoor space - Equipped with a favorable energy label (label A); - Fully insulated; - Equipped with large windows; - In the middle of the village center with all amenities within easy reach;  rental price: € 1950,- excl. user charges Garage rental: € 125,- (mandatory) Service costs: € 130,- Deposit: 2 months",1,0,0,0,"['https://resources.directwonen.nl/image/9f4c04ea-00cc-49a6-9d5d-1f73c902ca31', 'https://resources.directwonen.nl/image/b7f5681d-e178-4f66-b356-b9e298e58ccc', 'https://resources.directwonen.nl/image/7b6d695c-fb72-4d5f-be34-969acbf7993e', 'https://resources.directwonen.nl/image/e72d5d83-1418-44b1-8249-635b7d047e4c', 'https://resources.directwonen.nl/image/2c04dfe1-92bf-4a7f-9709-e13d22378bc9', 'https://resources.directwonen.nl/image/fdea777f-a4f2-4bed-9168-a7c4a0a99d7f', 'https://resources.directwonen.nl/image/fcc3fe57-2c5e-46f9-91dc-0a69199125eb', 'https://resources.directwonen.nl/image/3369be2e-449a-4d92-85a5-27821817049c', 'https://resources.directwonen.nl/image/266e3d99-562b-4382-a6f2-c29e3377be38', 'https://resources.directwonen.nl/image/f2073fff-fe70-4e04-b847-2da1b22f5428', 'https://resources.directwonen.nl/image/cc068f49-4f8c-4c01-9fe7-133f465c0c55', 'https://resources.directwonen.nl/image/7522a880-64dd-4609-bb1a-d573cfc0c6d9', 'https://resources.directwonen.nl/image/253fd802-de7b-4ef9-8d20-79b21af561f8', 'https://resources.directwonen.nl/image/ba1e2d0d-d138-4284-91d7-b0f72bd4c039', 'https://resources.directwonen.nl/image/c81492d8-f630-4c46-acc2-74a7d2fb0189', 'https://resources.directwonen.nl/image/eb04806a-f781-4450-8b2f-cf7578f330bb', 'https://resources.directwonen.nl/image/0fa6f948-4f0a-4052-ab7b-a0e41c3ea508', 'https://resources.directwonen.nl/image/7abf993b-210f-4fc8-b9fc-644a35948304', 'https://resources.directwonen.nl/image/12f67d40-789e-4023-9808-c0da0592fa0e', 'https://resources.directwonen.nl/image/176299c2-b7ec-416e-b379-72b872b61cbf', 'https://resources.directwonen.nl/image/97d2715a-2960-4895-a432-9d43a99663ea', 'https://resources.directwonen.nl/image/df6fc242-5c04-4eb5-b17f-1d498ea79333', 'https://resources.directwonen.nl/image/392d435e-14f7-4671-9508-7c9b5a6e71c7', 'https://resources.directwonen.nl/image/1cd3f7dc-2293-443d-9755-64a3312ca80b', 'https://resources.directwonen.nl/image/8197d036-25df-4b9b-903e-e535558d4379', 'https://resources.directwonen.nl/image/0ed633ec-74b7-4870-b2f5-109a11df278a', 'https://resources.directwonen.nl/image/3526a6b1-4e48-4a23-850a-9c43e7f1b1f1', 'https://resources.directwonen.nl/image/0b793dd8-d3e6-4af6-aad2-5a1ca8ef28dd', 'https://resources.directwonen.nl/image/a466d030-3742-4361-b364-f21a09e49619', 'https://resources.directwonen.nl/image/21296879-30e7-48e9-ab6e-a5ca8df3f8fb', 'https://resources.directwonen.nl/image/00a07549-c926-4fb3-862c-1cd7081d917a', 'https://resources.directwonen.nl/image/2da5c779-7cb1-4e45-b0b6-14610bf5716a']"
https://directwonen.nl/huurwoningen-huren/den-bosch/clarastraat/appartement-517534,Den Bosch,Clarastraat,1740.0,APPARTMENT,2.0,65.0,Gemeubileerd,,,0,0,0,0,"['https://resources.directwonen.nl/image/20c8ced5-a1c0-438e-a05d-0d7d7edad7e5', 'https://resources.directwonen.nl/image/23cd27c8-21d9-4fc7-af82-77cfb96c52ab', 'https://resources.directwonen.nl/image/42db11a2-ef73-42e9-b1c7-f12ef562b119', 'https://resources.directwonen.nl/image/a3e4a808-1977-4032-aa95-4338b1fdbb88', 'https://resources.directwonen.nl/image/712ad02e-ed27-484a-89a5-1f304837a97a', 'https://resources.directwonen.nl/image/332ff619-4121-49f0-9b4f-f2ea454e1aa1', 'https://resources.directwonen.nl/image/d9fa9d9e-e145-4b2e-a9a9-bb7082caafeb', 'https://resources.directwonen.nl/image/e32874b9-da09-42f3-9b09-9c2b32288972', 'https://resources.directwonen.nl/image/f8be3cc9-84de-483e-8b06-4104c1d942c9', 'https://resources.directwonen.nl/image/a0e76845-1936-47f1-bd9a-5c9aa3d66bbf', 'https://resources.directwonen.nl/image/625e6e6c-af45-4980-9479-0989ebf447e2']"
https://directwonen.nl/huurwoningen-huren/den-bosch/clarastraat/appartement-517535,Den Bosch,Clarastraat,1500.0,APPARTMENT,2.0,56.0,Gemeubileerd,,,0,0,0,0,"['https://resources.directwonen.nl/image/acca5ce3-859c-4b51-900d-663fbf3298d1', 'https://resources.directwonen.nl/image/a8ca8f4e-8bb5-4d76-96ac-9bf97c48d86a', 'https://resources.directwonen.nl/image/3c9201e1-b25d-45fd-93d2-904529117c4c', 'https://resources.directwonen.nl/image/b20a747b-b476-4c5a-9ddd-540f47063cb0', 'https://resources.directwonen.nl/image/0112ce88-b75d-4f4a-b886-1d5d558a4d67', 'https://resources.directwonen.nl/image/a4dd3b3b-2151-4dd1-99d9-0d4f01f43ee4', 'https://resources.directwonen.nl/image/03f07b82-caf0-48ee-9672-19af9ad3956f', 'https://resources.directwonen.nl/image/6099711c-96c6-40d4-9d36-987788a7da94', 'https://resources.directwonen.nl/image/21458c3d-2803-40ff-9ddd-d4643404f217', 'https://resources.directwonen.nl/image/40093287-2acc-4098-9386-2006f177f5c7']"
https://directwonen.nl/huurwoningen-huren/utrecht/oudegracht/appartement-517545,Utrecht,Oudegracht,1510.0,APPARTMENT,3.0,72.0,Gestoffeerd,,,0,0,0,0,"['https://resources.directwonen.nl/image/75371fc5-9022-49b1-be8b-458b023dae87', 'https://resources.directwonen.nl/image/1a10b743-991c-48ca-a789-f88b179a9544', 'https://resources.directwonen.nl/image/afd933cd-58a1-4f71-8f61-d81b857b8c77', 'https://resources.directwonen.nl/image/954c40cf-541c-4b11-8d50-e91a73fb7681', 'https://resources.directwonen.nl/image/438dc266-6f5c-4f5f-a3e3-21e7448f2854', 'https://resources.directwonen.nl/image/a828c721-a3b0-4453-b782-48c489987df1']"
https://directwonen.nl/huurwoningen-huren/utrecht/bilderdijkstraat/appartement-517546,Utrecht,Bilderdijkstraat,1175.0,APPARTMENT,2.0,55.0,Gemeubileerd,,,0,0,0,0,"['https://resources.directwonen.nl/image/18c97b8e-3e1a-4b91-92f3-c3fd249264cf', 'https://resources.directwonen.nl/image/158cfc21-0883-4391-a27e-6f425ccc167d', 'https://resources.directwonen.nl/image/918a5b1c-75c0-436f-ac6e-ff210df10d98', 'https://resources.directwonen.nl/image/dec03fee-bd2f-41a4-b625-b77c4cd685f1', 'https://resources.directwonen.nl/image/333451d9-3d5e-482d-8f9d-0378f65c5532', 'https://resources.directwonen.nl/image/8fada2e4-afa2-419f-b576-93965530e4c9']"
https://directwonen.nl/huurwoningen-huren/utrecht/mgr.-van-de-weteringstraat/studio-517542,Utrecht,Mgr. van de Weteringstraat,836.0,STUDIO-ROOM,1.0,28.0,Gestoffeerd,"Een goed onderhouden studio-appartement ca. 28m2 in de populaire wijk “Buiten Wittevrouwen” Het studio-appartement bevindt zich in een klassiek pand uit de jaren dertig en is gelegen de prachtige ""buiten Wittevrouwen"" in een zijstraat van de Biltstraat en de Nachtegaalstraat. Op steenworp bevindt zich een bushalte waarbij u binnen enkele minuten op de Uithof bent of in het gezellige stadscentrum van Utrecht. Op loopafstand bevinden zich op de bruisende Nachtegaalstraat diverse winkels, gezellige eetgelegenheden en de Albert Heijn voor de dagelijkse boodschappen. Het griftpark en het gezellige park Lepelenburg zijn op loopafstand te bereiken. Indeling. Gezamelijk entree, hal, Ruime en licht woonruimte voorzien van open keuken met 4 pits gas kookstel, afzuigkap en wastafel. Slaapkamer ca. 2.76 x 2.10 Badkamer voorzien van douche, toilet, wasmachine.","A well-maintained studio apartment of approx. 28m2 in the popular ""Buiten Wittevrouwen"" district. The studio apartment is located in a classic building from the 1930s and is located in the beautiful ""Buiten Wittevrouwen"" in a side street of Biltstraat and Nachtegaalstraat. There is a bus stop just a stone's throw away, which will take you to the Uithof or the lively city center of Utrecht within a few minutes. Within walking distance there are various shops, cozy eateries and the Albert Heijn for daily shopping on the bustling Nachtegaalstraat. The Grift Park and the cozy Lepelenburg Park are within walking distance. Layout. Shared entrance, hall, spacious and bright living room with open kitchen with 4 burner gas stove, extractor hood and sink. Bedroom approx. 2.76 x 2.10 Bathroom with shower, toilet, washing machine.",0,0,1,0,"['https://resources.directwonen.nl/image/895c155b-697b-4838-919e-0a744c8b3446', 'https://resources.directwonen.nl/image/fc2d1e72-34fa-405b-85c7-9492b0762860', 'https://resources.directwonen.nl/image/b7c31dcc-8bbe-4127-a663-479cdb08d49d', 'https://resources.directwonen.nl/image/d6f4b0de-c067-4a6d-90fd-673863b74904']"
https://directwonen.nl/huurwoningen-huren/utrecht/bloesemstraat/woning-517547,Utrecht,Bloesemstraat,2350.0,HOUSE,3.0,112.0,Gestoffeerd,,,0,0,0,0,"['https://resources.directwonen.nl/image/6786b599-fc45-4e29-be07-642ee19928d3', 'https://resources.directwonen.nl/image/bfb74c65-fb4d-4490-95bc-8c37486f458c', 'https://resources.directwonen.nl/image/2a685a1c-710d-43b0-9b1e-0b220544f0fb', 'https://resources.directwonen.nl/image/dfc7c449-3a4c-4fd4-a220-8f1ebcff6408', 'https://resources.directwonen.nl/image/e9023fdd-3433-4b7c-942c-dc2c6bf147bc', 'https://resources.directwonen.nl/image/7d9b04ec-5757-4d7c-a1ad-b4a8f27efb1f', 'https://resources.directwonen.nl/image/25df7f7a-26e6-46ae-8212-b73e5ec24f2c', 'https://resources.directwonen.nl/image/bb738ae4-b229-43af-98de-795f304e3022', 'https://resources.directwonen.nl/image/d5228b24-6a36-40da-b904-43613e83148f']"
https://directwonen.nl/huurwoningen-huren/maastricht/merovingenstraat/kamer-517549,Maastricht,Merovingenstraat,561.0,STUDIO-ROOM,1.0,17.0,Gestoffeerd,,,0,0,0,0,"['https://resources.directwonen.nl/image/80a4ff30-9884-4ab2-8b5c-5dd801d3e23f', 'https://resources.directwonen.nl/image/c03ee941-f2ec-4cb3-8c21-9d5f839eac9c', 'https://resources.directwonen.nl/image/b3161f83-84e6-4495-ab1b-45fc4659cd60', 'https://resources.directwonen.nl/image/b53454ab-1602-4f62-b97e-f7d5f8caefb9']"
https://directwonen.nl/huurwoningen-huren/ede/brouwershoef/appartement-517553,Ede,Brouwershoef,1146.0,APPARTMENT,2.0,43.0,,,,0,0,0,0,"['https://resources.directwonen.nl/image/1f17110a-d32e-4a10-930f-09a92830c803', 'https://resources.directwonen.nl/image/0e308a49-abba-4529-8aba-cd64ccd3c6fd', 'https://resources.directwonen.nl/image/f532355c-53da-4b31-9494-6c479d23e4b4', 'https://resources.directwonen.nl/image/6aeab60b-3a61-4638-943b-ffb3a09b9494', 'https://resources.directwonen.nl/image/f6e57f7d-feeb-4eae-8e10-b075e65a173a', 'https://resources.directwonen.nl/image/e52f1e14-a3b7-45be-8517-198507935d89']"
https://directwonen.nl/huurwoningen-huren/maastricht/dopplerdomein/woning-517543,Maastricht,Dopplerdomein,2295.0,HOUSE,5.0,121.0,Gestoffeerd,"Te huur in Randwyck, Maastricht een ruime tussenwoning met 4 slaapkamers. Deze woning is gelegen in een rustige auto vrije straat in de wijk Randwyck, nabij het AZM, de universiteit en diverse uitvalswegen. Indeling: Entreehal welke toegang bied tot de woonkamer met open keuken en de trap naar de eerste etage. Tevens is er een separaat toilet. De ruime woonkamer beschikt over veel lichtinval en biedt toegang tot de open keuken. Deze keuken is vv een 4 pits gasfornuis, afzuigkap, koelkast met diepvries, oven en aanrecht met spoelbak. Aan de achterzijde van de woonkamer heeft u toegang tot de tuin middels een schuifpui. Op de eerste etage treft u 2 slaapkamers en de badkamer aan. De slaapkamer aan de achterzijde beschikt over een eigen balkon. De badkamer is vv een ligbad/douche combinatie, wastafel met spiegel en een extra toilet. Middels de trap heeft u toegang tot de 2e etage. Hier bevinden zich nog 2 slaapkamers. Deze ruime woning is geschikt voor maximaal 4 studenten.","For rent in Randwyck, Maastricht, a spacious terraced house with 4 bedrooms. This house is located in a quiet car-free street in the Randwyck district, near the AZM, the university and various arterial roads. Layout: Entrance hall which provides access to the living room with open kitchen and the stairs to the first floor. There is also a separate toilet. The spacious living room has lots of light and provides access to the open kitchen. This kitchen is equipped with a 4 burner gas stove, extractor hood, refrigerator with freezer, oven and countertop with sink. At the rear of the living room you have access to the garden through sliding doors. On the first floor you will find 2 bedrooms and the bathroom. The bedroom at the rear has its own balcony. The bathroom has a bath/shower combination, sink with mirror and an extra toilet. You have access to the 2nd floor via the stairs. There are 2 more bedrooms here. This spacious home is suitable for up to 4 students.",1,0,0,0,"['https://resources.directwonen.nl/image/8fda0dee-f3b1-44bc-8175-20ec78e57490', 'https://resources.directwonen.nl/image/4b6161a2-24e6-4d2e-9a46-4950f95b07f4', 'https://resources.directwonen.nl/image/4402fafe-70ef-4d70-aebb-58583487c75a', 'https://resources.directwonen.nl/image/521bdb4f-1b88-4e60-9839-1da0c24422b8', 'https://resources.directwonen.nl/image/4c0bbeea-9f4e-4098-bedb-7ef31824a7c0', 'https://resources.directwonen.nl/image/0b8bb6c8-517e-4757-a601-3c4c840ed7da']"
https://directwonen.nl/huurwoningen-huren/maastricht/volksplein/appartement-517554,Maastricht,Volksplein,701.0,APPARTMENT,3.0,78.0,Gestoffeerd,,,0,0,0,0,"['https://resources.directwonen.nl/image/77776320-bc92-484d-9422-701ce91644ca', 'https://resources.directwonen.nl/image/d88deec1-2f1d-45ee-bf0c-472ce9b7ed3f', 'https://resources.directwonen.nl/image/435ec3c4-c577-47d5-9140-53b9b28bbc91', 'https://resources.directwonen.nl/image/bda30158-ac06-4b9d-a4dd-bb360e95eaf2', 'https://resources.directwonen.nl/image/76ce3b81-b23a-4e0e-adc2-67ff18c6e9d5', 'https://resources.directwonen.nl/image/653d98f5-ebde-44f5-8079-3cc3fb394a79', 'https://resources.directwonen.nl/image/d2d5a7d3-ea4a-4758-87b2-303bb0a765de', 'https://resources.directwonen.nl/image/b1e484b8-a1b9-486c-9ed6-77dafbd409d8', 'https://resources.directwonen.nl/image/1a40011b-cadb-4e25-b545-4c8b9934fd31']"
https://directwonen.nl/huurwoningen-huren/maastricht/endepolsdomein/studio-517550,Maastricht,Endepolsdomein,1064.0,STUDIO-ROOM,1.0,25.0,Gemeubileerd,,,0,0,0,0,"['https://resources.directwonen.nl/image/6fcefcda-7f1e-407e-88ac-11fb6feb4410', 'https://resources.directwonen.nl/image/8f9bdf10-0b08-4f11-aea4-19163fcceb93', 'https://resources.directwonen.nl/image/f06398e2-3498-49fb-a803-7a985e72d932', 'https://resources.directwonen.nl/image/b7b95931-fecc-4c08-9c28-769b618f230e', 'https://resources.directwonen.nl/image/ebe3bc7b-bf6d-4097-a509-76f09a5cc555']"
https://directwonen.nl/huurwoningen-huren/maastricht/wilhelminasingel/kamer-517551,Maastricht,Wilhelminasingel,554.0,STUDIO-ROOM,1.0,13.0,Gestoffeerd,,,0,0,0,0,"['https://resources.directwonen.nl/image/94f5477a-04f6-4cee-a93a-a6454b2f8c5b', 'https://resources.directwonen.nl/image/b12cc537-34c3-439b-9c28-8fd745bc23fc', 'https://resources.directwonen.nl/image/87fafa99-28b4-46c8-a0d3-342c91568f98', 'https://resources.directwonen.nl/image/4017c801-1972-4593-a192-14d8210020f0']"
https://directwonen.nl/huurwoningen-huren/maastricht/alexander-battalaan/kamer-517555,Maastricht,Alexander Battalaan,800.0,STUDIO-ROOM,1.0,30.0,Gestoffeerd,,,0,0,0,0,"['https://resources.directwonen.nl/image/f4ebd524-995e-48cd-be07-b321c505253c', 'https://resources.directwonen.nl/image/c181697b-c189-46f8-8781-c17c0940a24c', 'https://resources.directwonen.nl/image/4a3a1567-f60d-44f6-bea6-c32fab6f8e43', 'https://resources.directwonen.nl/image/bd6e1e4f-be60-4253-8d55-921c290a9a7c', 'https://resources.directwonen.nl/image/64573cb1-17fd-498a-8d81-dd7723834f79', 'https://resources.directwonen.nl/image/de54bb0d-bf16-4a82-b2c6-0a494d9d17bc', 'https://resources.directwonen.nl/image/9bd691d5-b4ae-40c8-bde0-b6cda16474cf']"
https://directwonen.nl/huurwoningen-huren/leeuwarden/bisschopstraat/studio-517556,Leeuwarden,Bisschopstraat,637.0,STUDIO-ROOM,2.0,27.0,Gemeubileerd,,,0,0,0,0,"['https://resources.directwonen.nl/image/b38dd45f-75af-49dd-aae0-3f5bba6ab12f', 'https://resources.directwonen.nl/image/4ddbf0a9-acf1-4db2-a62c-aeea9a96c212', 'https://resources.directwonen.nl/image/b912aa32-3f09-46dd-bf45-d09602575624']"
https://directwonen.nl/huurwoningen-huren/maastricht/hubert-parisstraat/kamer-517552,Maastricht,Hubert Parisstraat,590.0,STUDIO-ROOM,1.0,11.0,Gestoffeerd,,,0,0,0,0,"['https://resources.directwonen.nl/image/cd6504a1-6cc3-4423-9d40-f72358d16d77', 'https://resources.directwonen.nl/image/5507375d-9e1a-4b06-9ee2-248732ab9cf2', 'https://resources.directwonen.nl/image/dd0021f2-b86e-48dd-b8a8-67bbd54bb711', 'https://resources.directwonen.nl/image/d64e8c90-0bf0-44e8-8745-aaa5b6becf0c', 'https://resources.directwonen.nl/image/60fdc625-9b40-475d-add2-547020ef7fbd', 'https://resources.directwonen.nl/image/efcd9553-453e-4aa4-b593-655868c9d765']"
https://directwonen.nl/huurwoningen-huren/beek-lb/bourgognestraat/appartement-517548,Beek Lb,Bourgognestraat,1350.0,APPARTMENT,3.0,110.0,Gestoffeerd,"Deze sfeervolle woning van ongeveer 110 m2, met twee slaapkamers en een royaal dakterras van circa 50 m2, wacht op jou om het je eigen te maken. Gelegen op een gewilde locatie nabij het centrum van het pittoreske Beek, biedt deze woning niet alleen comfort, maar ook de nabijheid van diverse winkels, restaurants en uitvalswegen. Binnenkomend op de begane grond betreed je een ruime entree met een prachtige Belgische hardstenen tegelvloer. Hier bevindt zich een veelzijdige kamer die dienst kan doen als slaapkamer, hobbyruimte of kantoor, compleet met een handige schuifdeur waarachter de witgoed aansluitingen zijn. De trap naar de kelder is vanuit deze ruimte bereikbaar voor al je opslagbehoeften. De eerste verdieping verwelkomt je met een overloop badend in zonlicht, toegang tot alle vertrekken en een warme Belgische hardstenenvloer. De royale woonkamer, met een oppervlakte van circa 30 m2, straalt lichtheid uit dankzij veel natuurlijk licht en beschikt over een prachtige parketvloer en een ingebouwde gashaard. Via dubbele openslaande deuren kom je op het unieke, royale dakterras van circa 50 m2, perfect afgewerkt met bankirai planken en gelegen op het noorden - een ideale plek om te ontspannen of gasten te ontvangen tijdens zonnige dagen. De moderne, gesloten keuken op deze verdieping is uitgerust met hoogwaardige inbouwapparatuur, waaronder een inductiekookplaat, oven, magnetron, inbouwkoelkast, vaatwasser en inductiekookplaat. Maaltijden bereiden wordt een waar genot in deze prachtige keuken. De badkamer op de eerste verdieping straalt luxe uit met marmeren wanden, een ligbad, een ruime douche met glazen schuifdeuren en een wastafelkom op een granieten meubel. Het separaat gelegen toilet met fonteintje is bereikbaar via de overloop. Op de tweede verdieping vind je de royale zolder slaapkamer van circa 50 m2, met grote raampartijen aan beide zijden, inbouw plafondspots en handige bergruimte, inclusief een op maat gemaakte kastenwand waarin de cv-ketel netjes is weggewerkt.","This attractive house of approximately 110 m2, with two bedrooms and a spacious roof terrace of approximately 50 m2, is waiting for you to make it your own. Situated in a popular location near the center of picturesque Beek, this home not only offers comfort, but also the proximity of various shops, restaurants and arterial roads. Entering on the ground floor you enter a spacious entrance with a beautiful Belgian bluestone tiled floor. Here is a versatile room that can serve as a bedroom, hobby room or office, complete with a handy sliding door behind which the white goods connections are located. The stairs to the basement are accessible from this room for all your storage needs. The first floor welcomes you with a landing bathed in sunlight, access to all rooms and a warm Belgian bluestone floor. The spacious living room, with an area of ​​approximately 30 m2, radiates lightness thanks to lots of natural light and has a beautiful parquet floor and a built-in gas fireplace. Through double doors you enter the unique, spacious roof terrace of approximately 50 m2, perfectly finished with bankirai planks and located on the north - an ideal place to relax or receive guests during sunny days. The modern, closed kitchen on this floor is equipped with high-quality built-in appliances, including an induction hob, oven, microwave, built-in refrigerator, dishwasher and induction hob. Preparing meals becomes a real pleasure in this beautiful kitchen. The bathroom on the first floor exudes luxury with marble walls, a bath, a spacious shower with sliding glass doors and a washbasin on a granite cabinet. The separate toilet with sink is accessible via the landing. On the second floor you will find the spacious attic bedroom of approximately 50 m2, with large windows on both sides, built-in ceiling spotlights and handy storage space, including a custom-made cupboard wall in which the central heating boiler is neatly concealed.",0,0,0,0,"['https://resources.directwonen.nl/image/e51fcb78-ab1b-4aa0-ba02-b315e9a124ca', 'https://resources.directwonen.nl/image/558f6ba0-845f-4578-a337-c27c325fb43e', 'https://resources.directwonen.nl/image/cd5038af-616f-4e3d-b441-64323842698a', 'https://resources.directwonen.nl/image/e6da6f10-0c9e-4c09-8a2d-4fc8769afee5', 'https://resources.directwonen.nl/image/3d9d4fd1-8309-435d-9d88-ac74a4c354b6', 'https://resources.directwonen.nl/image/e1aeff3a-8b9d-495a-895f-2b9ca1ecff43', 'https://resources.directwonen.nl/image/13680c22-2c1d-416a-92bc-16a24e29be43', 'https://resources.directwonen.nl/image/54f6315e-ff8f-4cfe-ba65-be137902a4de', 'https://resources.directwonen.nl/image/89c412b4-85a5-4359-b286-60a3548e7124', 'https://resources.directwonen.nl/image/916e17ed-a9c1-4cad-88d0-0cb40ae09f3a']"
https://directwonen.nl/huurwoningen-huren/amersfoort/rietzangerstraat/woning-517544,Amersfoort,Rietzangerstraat,1850.0,HOUSE,4.0,123.0,Gemeubileerd,"Nieuw in de verhuur, energiezuinige nette gemeubileerde woning. Met zeer zware isolatie, alle ramen HR++ glas, behoort dit huis tot de categorie zeer zuinige woningen (label A). Er zijn 3 slaapkamers aanwezig, een zeer ruime berg en was zolder, een zonnige tuin op het zuid-westen met houten berging alsmede een eigen parkeerplaats op het afgesloten binnenterrein. In de wijk Liendert is de laatste jaren veel nieuw gebouwd. In de directe omgeving vindt u diverse scholen, sportverenigingen, huisartsenpost, apotheek en diverse buurtwinkels (waaronder een gloednieuwe Lidl). Het is een prettige wijk om te wonen. Daarbij liggen het Park ""Waterwingebied"", Station Schothorst en uitvalswegen om de hoek. De historische binnenstad van Amersfoort is binnen vijf fietsminuten te bereiken. Indeling: Entree/hal met garderobenis, meterkast, hangend toilet met fonteintje en trapopgang. De tuingerichte woonkamer met trapkast is licht en ruim wat mede komt doordat de woning meer dan 9 meter diep is. Via een brede glaspui met openslaande tuindeuren bereikt u het zonneterras. Aan de voorzijde bevindt zich een royale L-vormige keukenopstelling met bar en complete inbouwapparatuur. De gehele begane grond is voorzien van een PVC vloer. 1e verdieping: Overloop met toegang tot drie in grootte variërende slaapkamers met laminaatvloeren. De riante hoofdslaapkamer ligt daarbij aan de voorzijde, in het midden bevindt zich een moderne badkamer met wastafel, inloopdouche en een hangend toilet. Ook deze verdieping is geheel uitgerust met vinylvloeren. 2e verdieping: Ruime bergzolder: hier bevinden zich ook de opstelling van de CV-HR-combiketel, de wasmachine-aansluiting en voldoende bergruimte. Tuin: Aan de achterzijde bereikt u vanuit de woonkamer door middel van openslaande deuren de zonnige tuin op het zuidwesten. De tuin beschikt over een achterom en houten schuur. Omdat de tuin grenst aan een privé-parkeerterrein voor de bewoners, heeft u geen inkijk van achterburen. De eigen parkeerplaats ligt achter de woning en is toegankelijk via een slagboom.","New for rental, energy-efficient, neatly furnished home. With very heavy insulation, all windows HR++ glass, this house belongs to the category of very economical homes (label A). There are 3 bedrooms, a very spacious storage and laundry attic, a sunny south-west facing garden with wooden shed and a private parking space in the enclosed courtyard. There has been a lot of new construction in the Liendert district in recent years. In the immediate vicinity you will find various schools, sports clubs, doctor's office, pharmacy and various local shops (including a brand new Lidl). It is a pleasant neighborhood to live in. The Park ""Waterwingebied"", Schothorst Station and arterial roads are just around the corner. The historic city center of Amersfoort can be reached within five minutes by bike. Layout: Entrance/hall with wardrobe alcove, meter cupboard, hanging toilet with sink and stairs. The garden-oriented living room with stair cupboard is light and spacious, partly because the house is more than 9 meters deep. You reach the sun terrace via a wide glass front with French doors. At the front there is a spacious L-shaped kitchen layout with bar and complete built-in appliances. The entire ground floor has a PVC floor. 1st floor: Landing with access to three bedrooms varying in size with laminate floors. The spacious master bedroom is located at the front, in the middle there is a modern bathroom with sink, walk-in shower and a hanging toilet. This floor is also fully equipped with vinyl floors. 2nd floor: Spacious storage attic: this is also where the central heating-HR combi boiler, the washing machine connection and sufficient storage space are located. Garden: At the rear you can reach the sunny southwest-facing garden from the living room through French doors. The garden has a back entrance and wooden shed. Because the garden borders a private parking lot for residents, you have no view from rear neighbors. The private parking space is located behind the house and is accessible via a barrier.",1,1,1,1,"['https://resources.directwonen.nl/image/4b6d1e14-bc8d-40c3-83ba-b8de58a95343', 'https://resources.directwonen.nl/image/7e943656-b970-44b2-9d0d-13bb54c3f234', 'https://resources.directwonen.nl/image/ef03762f-5ac6-44c4-8d1d-324d0d4482a6', 'https://resources.directwonen.nl/image/f4744788-10b5-48f1-80c8-9872717c7583', 'https://resources.directwonen.nl/image/581e8447-d669-42e5-8d09-5b0789bd4b6a', 'https://resources.directwonen.nl/image/bd9a057e-8a72-4fff-b02d-5d30e1a95292', 'https://resources.directwonen.nl/image/9e4fe913-9332-4c7c-a114-915fa0b00348']"
https://directwonen.nl/huurwoningen-huren/bilthoven/emmaplein/appartement-517541,Bilthoven,Emmaplein,2400.0,APPARTMENT,3.0,90.0,Gestoffeerd,"Aan het Emmaplein in Bilthoven bieden wij dit ruime en goed onderhouden appartement (ca. 90m2) op de eerste verdieping aan. De woning beschikt over een lichte en royale woonruimte, twee slaapkamers, een complete keuken, een moderne badkamer en als absoluut hoogtepunt een riant dakterras van maar liefst 31 m². Daarnaast beschikt de woning over energielabel C. Het appartement is gelegen op een uitstekende locatie in Bilthoven. In de directe omgeving bevinden zich diverse winkels, supermarkten, horecagelegenheden en openbaarvervoersvoorzieningen. Het NS-station van Bilthoven ligt op korte afstand, waardoor Utrecht en omliggende steden uitstekend bereikbaar zijn. Ook de uitvalswegen richting de A27 en A28 zijn eenvoudig te bereiken. Indeling Via de entree op de begane grond bereikt u middels de trap het appartement op de eerste verdieping. Bij binnenkomst komt u in de hal, met garderobe en separaat toilet, . Wanneer u de hal verder doorloopt, bereikt u de ruime en lichte eet-/woonkamer. Dankzij de grote raampartijen aan de voorzijde geniet deze ruimte van veel natuurlijke lichtinval. Daarnaast is de woonkamer voorzien van uitklapbare zonwering, waardoor u ook op zonnige dagen comfortabel kunt verblijven. Aangrenzend bevindt zich de halfopen keuken. Deze is voorzien van diverse apparatuur, waaronder een 4-pits gasstel, afzuigkap, vaatwasser, koelkast met vriesvak en een combi magnetron/oven. De praktische indeling maakt de keuken uitermate geschikt voor dagelijks gebruik. Vanuit de keuken loopt u naar achter de hal door. Aan de linkerzijde bevinden zich beide slaapkamers. De badkamer is compleet uitgevoerd en voorzien van een ruime inloopdouche, dubbele wastafel en een aansluiting voor de wasmachine. Een van de absolute pluspunten van deze woning is het royale dakterras van circa 31 m². Hier is volop ruimte om heerlijk buiten te zitten, te ontspannen of gezellig te dineren met familie en vrienden. Kortom, een ruim en comfortabel appartement op een uitstekende locatie in Bilthoven, met twee slaapkamers, veel lichtinval en een fantastisch dakterras.","We offer this spacious and well-maintained apartment (approx. 90m2) on the first floor at Emmaplein in Bilthoven. The house has a bright and spacious living room, two bedrooms, a complete kitchen, a modern bathroom and, as an absolute highlight, a spacious roof terrace of no less than 31 m². In addition, the house has energy label C. The apartment is located in an excellent location in Bilthoven. There are various shops, supermarkets, catering establishments and public transport facilities in the immediate vicinity. The Bilthoven railway station is a short distance away, making Utrecht and surrounding cities easily accessible. The highways to the A27 and A28 are also easily accessible. Layout Via the entrance on the ground floor you reach the apartment on the first floor via the stairs. Upon entering you enter the hall, with wardrobe and separate toilet. When you continue through the hall, you reach the spacious and bright dining/living room. Thanks to the large windows at the front, this room enjoys plenty of natural light. In addition, the living room is equipped with fold-out sun blinds, so you can stay comfortably even on sunny days. Adjacent is the semi-open kitchen. This is equipped with various equipment, including a 4-burner gas stove, extractor hood, dishwasher, refrigerator with freezer and a combination microwave/oven. The practical layout makes the kitchen ideal for daily use. From the kitchen you walk to the back of the hall. Both bedrooms are on the left. The bathroom is fully equipped and equipped with a spacious walk-in shower, double sink and a connection for the washing machine. One of the absolute advantages of this house is the spacious roof terrace of approximately 31 m². There is plenty of room to sit outside, relax or have a nice dinner with family and friends. In short, a spacious and comfortable apartment in an excellent location in Bilthoven, with two bedrooms, lots of light and a fantastic roof terrace.",0,0,1,0,"['https://resources.directwonen.nl/image/e06a46ea-3e57-468b-a81f-dd7d9abd3fb5', 'https://resources.directwonen.nl/image/3b485ee2-db85-43d2-838f-408443c28de1', 'https://resources.directwonen.nl/image/628092f3-be91-4f8d-9cdc-511746eda429', 'https://resources.directwonen.nl/image/bb67925d-f15d-4592-810c-55fff8a132a0', 'https://resources.directwonen.nl/image/f3fb38a2-2865-4d08-83bb-5286b16a465a', 'https://resources.directwonen.nl/image/c34e3fe7-e03e-4573-857e-0c9c8a83c0d9']"
https://directwonen.nl/huurwoningen-huren/haaren/kerkeind/appartement-517540,Haaren,Kerkeind,810.0,APPARTMENT,2.0,38.0,Gestoffeerd,"Leuk appartement per direct te huur in Haaren op een rustige locatie. De woning is volledig zelfstandig en voorzien van woonkamer met open ingerichte keuken, aparte slaapkamer, douche, apart toilet en bergzolder. De woning is gelegen op de eerste verdieping en maakt deel uit van een klein complex met vergelijkbare woningen. De woning is gestoffeerd middels een laminaatvloer. De huurpijs is euro 975,- incl. voorschot gas en water en overige servicekosten à euro 165,-. Elektra regelt u zelf. Waarborgsom gelijk aan een maand huur. Huisdieren niet toegestaan. De woning is geschikt voor maximaal 1 persoon. Indeling; gezamenlijke entree met trapopgang naar de eerste verdieping. U betreedt de woning in de woonkamer met open ingerichte keuken (koelkast, kookplaat, afzuigkap etc). Vanuit de woonkamer bereikt u de slaapkamer met toegang tot de bergzolder via een vlizotrap. Het sanitair bestaat uit een apart toilet waar de wasmachine aansluitingen geplaatst zijn en nette douche. De woning is gelegen op een prima locatie nabij het centrum van Haaren. Hier treft u enkele winkels zoals supermarkten AH en Jumbo, slager, bakker, snackbar 2 x, Kruidvat, etc. Het centrum van Oisterwijk is op nog geen 10 minuten fietsafstnad gelegen. De N65 bereikt u in enkele minuten (Tilburg / 's-Hertogenbosch). De omgering van Haaren is verder heerlijk groen met diverse natuurgebieden zoals de Drunense Duinen en de Kampina.","Nice apartment for immediate rent in Haaren in a quiet location. The house is completely independent and has a living room with open kitchen, separate bedroom, shower, separate toilet and storage attic. The house is located on the first floor and is part of a small complex with similar houses. The house is furnished with a laminate floor. The rental price is Euro 975, including advance payment for gas and water and other service costs of Euro 165. You arrange the electricity yourself. Deposit equal to one month's rent. Pets not allowed. The house is suitable for a maximum of 1 person. Layout; shared entrance with stairs to the first floor. You enter the house into the living room with open kitchen (fridge, hob, extractor hood, etc.). From the living room you reach the bedroom with access to the attic via a loft ladder. The sanitary facilities consist of a separate toilet where the washing machine connections are located and a neat shower. The house is located in an excellent location near the center of Haaren. Here you will find some shops such as AH and Jumbo supermarkets, butcher, bakery, snack bar 2 x, Kruidvat, etc. The center of Oisterwijk is less than 10 minutes by bike. You can reach the N65 in a few minutes (Tilburg / 's-Hertogenbosch). The surrounding area of ​​Haaren is also wonderfully green with various nature reserves such as the Drunense Duinen and the Kampina.",0,0,0,0,"['https://resources.directwonen.nl/image/3758d4c1-3ae0-47e1-9809-0a3cf38d5f29', 'https://resources.directwonen.nl/image/160ebf66-93bb-4400-94a4-11e05069b8bf', 'https://resources.directwonen.nl/image/bf0a626b-07c2-4264-a903-4d36ab9c191b', 'https://resources.directwonen.nl/image/1fcda3ee-eae0-4102-aea6-0229240159eb', 'https://resources.directwonen.nl/image/0484f356-11d6-4949-9713-c4db649daeba', 'https://resources.directwonen.nl/image/a0b065a8-8855-495b-95d8-7be98fbd9aac', 'https://resources.directwonen.nl/image/861740f1-86ac-43de-8d37-bc4a82dfa267']"
https://directwonen.nl/huurwoningen-huren/groningen/balistraat/kamer-517539,Groningen,Balistraat,652.0,STUDIO-ROOM,2.0,26.0,Gestoffeerd,"Twee kamers voor 1 persoon in net huis bij de Korreweg! Ideaal gelegen t.o.v. de binnenstad, het Zernikecomplex en het Noorderplansoen. De Jumbo en Aldi zijn op loopafstand. De kamers zijn gelegen op de 2e verdieping; Je hebt een eigen woonkamer van 17 m2 met een slaapkamer van 7 m2 voorzien van een inbouwkast. Badkamer en keuken bevinden zich op de zelfde verdieping en worden gedeeld met 1 huisgenoot. Ook hier de keuken met diverse apparatuur. op de 1e verdieping is het toilet dat word gedeeld met 3 huisgenoten. Achter het huis is een fietsenschuurtje.","Two rooms for 1 person in a nice house near the Korreweg! Ideally located in relation to the city center, the Zernike complex and the Noorderplansoen. The Jumbo and Aldi are within walking distance. The rooms are located on the 2nd floor; You have your own living room of 17 m2 with a bedroom of 7 m2 with a built-in wardrobe. Bathroom and kitchen are on the same floor and are shared with 1 roommate. Here too the kitchen with various equipment. The toilet is on the 1st floor and is shared with 3 housemates. There is a bicycle shed behind the house.",0,0,0,1,"['https://resources.directwonen.nl/image/434861ca-d138-433e-81e8-f4a3b724dc51', 'https://resources.directwonen.nl/image/bdb8f40f-2cbb-4ea5-b10a-4e039e1a46c8', 'https://resources.directwonen.nl/image/3aab52c0-5c72-488d-818d-6a5a6fb9a003', 'https://resources.directwonen.nl/image/284c606e-bc97-443b-ab23-264259fe0a3b', 'https://resources.directwonen.nl/image/60160da7-e3b0-443d-a1eb-5e6da3d730c1']"
https://directwonen.nl/huurwoningen-huren/den-bosch/vughterstraat/appartement-517536,Den Bosch,Vughterstraat,1990.0,APPARTMENT,2.0,55.0,,"Unieke GEMEUBILEERDE stadswoning aan de Vughterstraat Bent u op zoek naar een nieuwe, energie zuinige moderne stadswoning in het hart van de stad, met alle comfort van nieuwbouw? Deze unieke woning (2024) is gelegen aan een rustige binnentuin en biedt u alle luxe en gemak! Duurzaam en energiezuinig: Dankzij het energielabel A en lage energiekosten woont u hier niet alleen stijlvol, maar ook duurzaam! Borgsom 2 maanden huur Minimaal 12 maanden Geen huisdieren Interesse? Verstuur je bericht. Begane grond: Ruime woonkeuken voorzien van vaatwasser, koelkast met vriesvak, electrische kookplaat, afzuigkap, combi magnetron. met apart toilet, technische ruimte met wasmachineaansluiting en vloerverwarming voor extra comfort. Eerste verdieping: Sfeervolle woonkamer met veel lichtinval. Tweede verdieping: Royale slaapkamer met badkamer voorzien van douche, wastafel en tweede toilet.","Unique FURNISHED town home on the Vughterstraat Are you looking for a new, energy-efficient modern town home in the heart of the city, with all the comfort of new construction? This unique home (2024) is located in a quiet courtyard and offers you every luxury and convenience! Sustainable and energy efficient: Thanks to the energy label A and low energy costs, you will not only live here stylishly, but also sustainably! Deposit 2 months rent Minimum 12 months No pets Interested? Send your message. Ground floor: Spacious kitchen with dishwasher, refrigerator with freezer, electric hob, extractor hood, combination microwave. with separate toilet, technical room with washing machine connection and underfloor heating for extra comfort. First floor: Attractive living room with lots of light. Second floor: Spacious bedroom with bathroom with shower, sink and second toilet.",0,0,0,0,"['https://resources.directwonen.nl/image/e20d4be8-fb6a-4621-b4d9-c3ce322de0fb', 'https://resources.directwonen.nl/image/2de889d2-27d9-4711-97ad-c67db0a3b826', 'https://resources.directwonen.nl/image/0d0e2b9b-2592-427c-ad77-af78e1aa3c1a', 'https://resources.directwonen.nl/image/e023783e-1ff7-44c8-a53a-d3054479ce3f', 'https://resources.directwonen.nl/image/e36c684e-1ab6-4bf4-b588-e005518d35b2', 'https://resources.directwonen.nl/image/b0349da3-8f81-4cdb-9051-f9b8da9834d7', 'https://resources.directwonen.nl/image/c0861676-3a8a-4f2a-9899-4d8e3772e64e', 'https://resources.directwonen.nl/image/133d78a5-1c20-45ac-9d56-188e0ad11ab2']"
https://directwonen.nl/huurwoningen-huren/veendam/straat-malakka/woning-517537,Veendam,Straat Malakka,2000.0,HOUSE,5.0,174.0,Gemeubileerd,"INSTAPKLARE, GEMEUBILEERDE TUSSENWONING MET 5 SLAAPKAMERS! In een rustige woonwijk van Veendam bieden wij deze ruime en volledig gemeubileerde tussenwoning aan. Met vijf slaapkamers en een besloten achtertuin. De woning is daarom geschikt voor gezinnen die opzoek zijn naar een woning met ruimte! INDELING Begane grond Entree via centrale hal met toegang tot de modern ingerichte woonkamer, een gesloten keuken, toilet, trapkast en trapopgang. De keuken is volledig uitgerust en biedt directe toegang tot de tuin. Eerste verdieping Via de trap kom je op de overloop die toegang geeft tot drie ruime slaapkamers. De nette badkamer is voorzien van een douchecabine, wastafel en tweede toilet. Tweede verdieping Vaste trap naar de overloop die toegang geeft tot de vierde en vijfde slaapkamer. Hier vind je ook de CV ketel. Tuin De achtertuin is betegeld en omringt met een schutting. Hier heb je de mogelijkheid om gebruik te maken van een schuur. Voortuin aan de straatzijde, ook deze is volledig betegeld. KENMERKEN - Volledig gemeubileerd - 5 slaapkamers - Badkamer met tweede toilet - Besloten achtertuin met berging - Gelegen in een rustige woonwijk - Winkels, scholen, sportverenigingen en openbaar vervoer op loopafstand - Centrum van Veendam en winkelcentrum De Reede nabij OMGEVING - Straat Malakka ligt in een kindvriendelijke, groene wijk met veel speelplekken en rustige straten. - Op korte loopafstand vindt u diverse winkels, supermarkten en het winkelcentrum voor al je dagelijkse boodschappen. - Scholen, sportverenigingen en medische voorzieningen bevinden zich eveneens in de nabije omgeving. - Het openbaar vervoer is uitstekend geregeld, met diverse bushaltes vlakbij die je snel verbinden met het centrum en omliggende plaatsen. - Goede bereikbaarheid van uitvalswegen richting Groningen, Stadskanaal en andere regio’s. GEINTERESSEERD? Verstuur je bericht.","READY TO MOVE IN, FURNISHED HOUSE WITH 5 BEDROOMS! We offer this spacious and fully furnished terraced house in a quiet residential area of ​​Veendam. With five bedrooms and a private backyard. The house is therefore suitable for families who are looking for a home with space! LAYOUT Ground floor Entrance through central hall with access to the modern living room, a separate kitchen, toilet, stair cupboard and staircase. The kitchen is fully equipped and offers direct access to the garden. First floor The stairs take you to the landing, which gives access to three spacious bedrooms. The neat bathroom has a shower cabin, sink and second toilet. Second floor Stairs to the landing that gives access to the fourth and fifth bedrooms. Here you will also find the central heating boiler. Garden The backyard is tiled and surrounded by a fence. Here you have the option to use a shed. Front garden on the street side, which is also fully tiled. FEATURES - Fully furnished - 5 bedrooms - Bathroom with second toilet - Enclosed backyard with storage room - Located in a quiet residential area - Shops, schools, sports clubs and public transport within walking distance - Center of Veendam and De Reede shopping center nearby SURROUNDINGS - Strait Malakka is located in a child-friendly, green neighborhood with many play areas and quiet streets. - Within a short walking distance you will find various shops, supermarkets and the shopping center for all your daily shopping. - Schools, sports clubs and medical facilities are also in the vicinity. - Public transport is well organised, with several bus stops nearby that quickly connect you to the center and surrounding areas. - Good accessibility to arterial roads to Groningen, Stadskanaal and other regions. INTERESTED? Send your message.",1,1,1,0,"['https://resources.directwonen.nl/image/cb2cbc97-bcd2-4b13-9101-da3fbe1ebea3', 'https://resources.directwonen.nl/image/f57a03ac-1939-413d-bccc-cc7d5a58596d', 'https://resources.directwonen.nl/image/b47976f5-7582-44de-847b-46c02d97d634', 'https://resources.directwonen.nl/image/e3a6ef88-5815-4d50-895e-5c1f52b7282a', 'https://resources.directwonen.nl/image/09c22db6-fe6c-442e-ba69-4ce748213115', 'https://resources.directwonen.nl/image/44e31732-777c-4e57-a111-100a0ad2e4a0', 'https://resources.directwonen.nl/image/359b419a-1764-45d7-b3ab-a2e1d297e1e2', 'https://resources.directwonen.nl/image/ad7ef9b6-8030-4390-938b-1c45eff389fd', 'https://resources.directwonen.nl/image/0978ea49-de42-4551-ae63-2292ac8f4ae8', 'https://resources.directwonen.nl/image/031886cb-3b38-4ce5-ae36-0d4d909629eb', 'https://resources.directwonen.nl/image/92b4e12d-e4d9-4f4a-a53d-a512b62b9db1', 'https://resources.directwonen.nl/image/56f21040-1612-4e8c-968d-16aad760bbb5', 'https://resources.directwonen.nl/image/fcb3e59c-d335-4148-8d8b-1019ceeb33a7', 'https://resources.directwonen.nl/image/f5869384-40d8-4334-aa78-94cc67d5a1c8', 'https://resources.directwonen.nl/image/1d928a0b-a51e-47af-994f-4ffe086ba739', 'https://resources.directwonen.nl/image/d312e6df-e123-49b1-b9d3-57c3ee2bc870', 'https://resources.directwonen.nl/image/a10b16c9-14ef-4de8-aa7d-5bc963b84fa7', 'https://resources.directwonen.nl/image/4633f838-cb06-40e4-b8a4-63d15835686e', 'https://resources.directwonen.nl/image/1487af81-1e69-488a-b500-6d0cb0ea821c', 'https://resources.directwonen.nl/image/efe6a7fc-c44d-464f-af75-0a96adfd1e55', 'https://resources.directwonen.nl/image/544d9d33-420b-40b4-8de5-2bf468d3411e', 'https://resources.directwonen.nl/image/a454c916-d07e-4dc3-9aee-a65306b0b9ef', 'https://resources.directwonen.nl/image/c49f6ee0-6e16-4fc6-b343-c25ae3b8c16c', 'https://resources.directwonen.nl/image/2f77318e-a2d7-4962-af34-a50c61e9529e', 'https://resources.directwonen.nl/image/b72aa39e-4acf-4571-8c45-5b6654c400e6', 'https://resources.directwonen.nl/image/91f4b985-5d34-4211-9103-0cadbf069fe8', 'https://resources.directwonen.nl/image/15f377a6-1cdd-43e4-9f8f-0c7d5f095d66', 'https://resources.directwonen.nl/image/11694dad-3d9f-4f29-9523-755b49f13425', 'https://resources.directwonen.nl/image/330057fb-d77c-467d-9344-f10433e152db', 'https://resources.directwonen.nl/image/557c6e96-6817-4680-b732-b5efa4016427', 'https://resources.directwonen.nl/image/dad3cea6-081c-4f4d-8406-ead8c80b340a']"
